,Relative Humidity (%),Average Temperature (°C),Shortwave Radiation (W/m^2),Wind Speed (m/s),Precipitation (mm/day)
count,7667.0,7667.0,7667.0,7667.0,7667.0
mean,56.51647705491066,27.416327282118168,240.07312048715272,2.6539373937524453,2.4621020856385343
std,23.888832784803316,3.8603057942780605,39.451965312920855,0.8471632411559543,6.718486025772758
min,15.000881,16.11853,123.25458,0.5168981,0.0
25%,34.3759075,24.5810395,211.78664,2.0305981500000003,0.0
50%,52.378754,27.031403,235.06355,2.5570874,0.0
75%,82.030918,29.973907500000003,265.62573499999996,3.2143936,0.4061511623149272
max,96.11922,38.708313,355.85327,5.197568,64.46661874651909
