,Relative Humidity (%),Average Temperature (°C),Shortwave Radiation (W/m^2),Wind Speed (m/s),Precipitation (mm/day)
count,7670.0,7670.0,7670.0,7670.0,7670.0
mean,56.70485303031291,27.402985545501956,240.0227623344198,2.654322790308996,2.419076704924261
std,23.563980430401365,3.872972535937676,39.34752936001107,0.8408226662170556,6.522989742302208
min,15.711788,14.69516,117.342575,0.5685909,0.0
25%,34.979035,24.542129250000002,211.81499250000002,2.04192835,0.0
50%,52.476558,27.04245,234.86955999999998,2.5513956,0.0
75%,81.740124,29.96479075,265.5116825,3.2007535750000002,0.44267217199376313
max,96.0845,39.921143,356.32516,5.8516445,61.17153503000736
