,Relative Humidity (%),Average Temperature (°C),Shortwave Radiation (W/m^2),Wind Speed (m/s),Precipitation (mm/day)
count,7668.0,7668.0,7668.0,7668.0,7668.0
mean,56.70873094776995,27.40502237949922,240.02483274256647,2.6536182087206575,2.419707658681414
std,23.565828931887168,3.869181250316833,39.346544123270746,0.8386763484455033,6.523723447161809
min,15.711788,16.06717,124.81888,0.5685909,0.0
25%,34.975354,24.54556275,211.81134,2.0418307,0.0
50%,52.485997499999996,27.042496,234.86955999999998,2.5513956,0.0
75%,81.741165,29.965500249999998,265.52509,3.200961425,0.44318405416561285
max,96.0845,38.608948,356.32516,5.1304445,61.17153503000736
