,Relative Humidity (%),Average Temperature (°C),Shortwave Radiation (W/m^2),Wind Speed (m/s),Precipitation (mm/day)
count,9860.0,9860.0,9860.0,9860.0,9860.0
mean,55.73992910425964,26.582338137221097,250.20574346551726,2.628968919792089,2.322274706386158
std,23.711820247465706,3.7605031541163614,41.70234880206741,0.8510347558809264,6.2308573026708505
min,11.585067,16.95047,125.19327,0.58707845,0.0
25%,33.56565525,24.11779825,221.85231750000003,1.998861225,0.0
50%,51.943175,26.069107000000002,245.20426,2.5256670000000003,0.0
75%,80.5295075,28.976485999999998,277.60822,3.1779557499999997,0.4345332523371326
max,96.61224,37.500336,371.32147,5.189068,80.0734844058752
