,Relative Humidity (%),Average Temperature (°C),Shortwave Radiation (W/m^2),Wind Speed (m/s),Precipitation (mm/day)
count,11320.0,11320.0,11320.0,11320.0,11320.0
mean,58.949549469964666,25.751528268551237,227.70895866659896,2.6937729681978797,2.2986943462897527
std,22.148946488703285,4.202735445507766,49.76272795967856,1.2004928073595262,6.822879044891
min,5.49,15.22,77.54626900000001,0.44,0.0
25%,39.235,23.08,200.433957225,1.82,0.0
50%,63.245000000000005,24.91,229.0508453,2.35,0.01
75%,78.81,28.28,264.69898090000004,3.32,1.1
max,95.49,37.6,346.18043370000004,6.34,100.0
