,hurs (%),tas (K),sfcWind (m/s),pr (kg m竅ｻﾂｲ s竅ｻﾂｹ)
count,14975.0,14975.0,14975.0,14975.0
mean,55.02367401123047,299.5815734863281,2.6079602241516113,2.7468509870232083e-05
std,23.952808380126953,3.7452290058135986,0.856632649898529,7.279308920260519e-05
min,11.088973045349121,282.882568359375,0.5188546180725098,0.0
25%,32.763729095458984,297.13427734375,1.9703940153121948,0.0
50%,50.645320892333984,299.0686340332031,2.497844934463501,0.0
75%,80.33816146850586,301.95115661621094,3.1645312309265137,5.5165269259305205e-06
max,96.62052154541016,311.7586364746094,5.872970104217529,0.0008969015325419605
