,Relative Humidity (%),Average Temperature (°C),Shortwave Radiation (W/m^2),Wind Speed (m/s),Precipitation (mm/day)
count,11321.0,11321.0,11321.0,11321.0,11321.0
mean,58.950887730765835,25.751196007419836,227.69962042255096,2.693709919618408,2.3078235138238674
std,22.148425874675592,4.2026985021747585,49.770448661049386,1.200458524860207,6.976612784979436
min,5.49,15.22,77.54626900000001,0.44,0.0
25%,39.24,23.08,200.3471517,1.82,0.0
50%,63.25,24.91,229.0508453,2.35,0.01
75%,78.81,28.28,264.69898090000004,3.32,1.1
max,95.49,37.6,346.18043370000004,6.34,139.54
