,Relative Humidity (%),Average Temperature (°C),Shortwave Radiation (W/m^2),Wind Speed (m/s),Precipitation (mm/day)
count,9862.0,9862.0,9862.0,9862.0,9862.0
mean,55.73763253802474,26.581575995538437,250.19417986878926,2.6298156540103426,2.3218037522781914
std,23.709964158315156,3.7631938995071152,41.721206700575834,0.8538456011488086,6.2303131648966295
min,11.585067,11.684174,100.51877,0.58707845,0.0
25%,33.56652475,24.117614749999998,221.8385725,1.9990138499999999,0.0
50%,51.93464,26.0687565,245.184515,2.5254763000000002,0.0
75%,80.5256775,28.975357,277.60355749999997,3.1778670499999997,0.43388952217355836
max,96.61224,38.59207,371.32147,5.908053,80.0734844058752
